task,property,taskprop_name,mae_llm_avg,mae_ml_avg,mae_ratio,sali_ecfp,sali_rdkit,sali_maccs,sali_chemberta,sali_avg,stat_mean,stat_median,stat_std,stat_var,stat_min,stat_max,stat_range,stat_q25,stat_q75,stat_iqr,stat_skewness,stat_kurtosis,stat_cv,stat_mad,stat_gini,stat_entropy,stat_energy,stat_rms,stat_p10,stat_p90,stat_p90_p10_ratio,stat_outlier_ratio,stat_z_score_max,tsne_1,tsne_2
raw,mw,Raw $\mathtt{MW}$,12.439548571428615,43.35334611922168,0.2869339897598645,1.1814904006384832,1.184680806876426,1.3362419534601713,2.265726748893377,1.4920349774671142,0.2092407082192415,0.0,0.987562440223416,0.9752795733400281,-1.597678799734859,5.758186876518284,7.355865676253143,-0.5865797663879443,0.8481249481449923,1.4347047145329366,0.9058988861349121,1.2424511313803563,4.719743345490173,0.6744907594765952,0.4011052291296937,1.6411443142801776,1149.501086972581,1.0094856350221721,-0.8978932543783663,1.5787512258578071,-1.7582838698645131,0.008865248226950355,5.618830711143394,124.46942,-337.40802
raw,logp,Raw $\mathtt{logP}$,0.7360234428571427,0.9993692734166297,0.7364879653952497,1.472357081389028,1.4939780816387165,1.6758093381042345,2.9755922613421237,1.9044341906185256,0.07424977306040154,1.519238294195313e-16,1.2671871095214196,1.6057631705372502,-6.78076001492882,5.507588575251356,12.288348590180176,-0.6322752189412871,0.727448341930935,1.3597235608722222,0.04192534186932003,2.4102884236991864,17.066545220152715,0.674490759476595,0.47076212839654685,1.4359885458046249,1817.519552851878,1.2693605474162064,-1.256757325942588,1.616205206335194,-1.2860121624925605,0.04964539007092199,5.409627146995019,94.68122,578.615
raw,sp3,Raw sp3,0.11922443075644197,0.10544648875032088,1.1306628809494537,0.848404392811493,0.8494391921330141,0.93321227577527,1.6556919518393658,1.0716869531397857,0.16478217193208078,0.0,0.7078633936694814,0.5010705840972751,-0.6744907594765952,1.2140833670578712,1.8885741265344664,-0.4856333468231485,0.8363685417509781,1.3220018885741265,0.27667520750937474,-1.4403984726368557,4.295752297531589,0.6744907594765952,0.3274995214194161,2.1067295911191057,595.8363880642719,0.7267900303966263,-0.6744907594765952,1.2140833670578712,-1.800000000266868,0.0,1.4823498495752625,49.36837,-904.5956
raw,tpsa,Raw $\mathtt{TPSA}$,11.891471428571426,11.987858843280643,0.9919595804414028,1.0309457112841829,1.0360144490831769,1.1407603127551025,1.9421303552359703,1.287462707089608,0.21986042415655982,0.0,0.9070465809331095,0.8227334999824439,-0.6744907594765952,6.216086322507114,6.890577081983709,-0.6744907594765952,0.7473255030854746,1.4218162625620698,1.4502445374689987,3.4883751889975825,4.12555640430864,0.6744907594765952,0.4320653287787346,1.2841073810796992,982.5693356726179,0.93331243755387,-0.6744907594765952,1.3087685337494188,-1.940380228424569,0.010638297872340425,6.610714404746483,-64.07419,-729.5239
raw,mr,Raw $\mathtt{MR}$,8.66775314285714,10.106018405092906,0.8576823032985024,1.1842525869140668,1.1846404414467098,1.3410230578686086,2.277818621311324,1.4969336768851773,0.21349030198916108,-1.3812735677465326e-16,0.9820563082107563,0.9644345924965398,-1.6242617402385466,5.600043625710163,7.22430536594871,-0.548290699256108,0.9224932522455069,1.4707839515016148,0.8003606268050266,0.9533527700346744,4.600004304929108,0.674490759476595,0.3947693058420876,1.6528098588344775,1139.2943273370781,1.0049938813445398,-0.8908742509851912,1.5503773201464774,-1.7402874969233764,0.004432624113475178,5.484974006770505,300.77658,-217.32292
raw,chi,Raw $\mathtt{Chi1v}$,1.0383319138505684,1.202534694643766,0.8634527706147885,1.2920318250036869,1.296071689797297,1.466829204872013,2.518578206486791,1.643377731539947,0.26707432374321705,0.0,1.100010348348466,1.2100227664737138,-1.7949814648626972,7.019442308457037,8.814423773319735,-0.552477028447553,0.935309040846516,1.487786069294069,1.16705078866187,2.3465678566693606,4.118742426943628,0.6744907594765952,0.43504586475312435,1.5412617190805094,1445.3644478688166,1.1319679592977048,-0.8669826533489354,1.7949327526114285,-2.070321414027245,0.012411347517730497,6.1384586016410605,64.4162,-134.39717
raw,hka,Raw $\mathtt{HKA}$,0.44091428571428576,0.46057663552205236,0.9573092764779964,1.1447191886139154,1.1491300356196503,1.2784801390733458,2.196570581606798,1.4422249862284273,0.00021592740034486594,0.0,0.9457247219647381,0.8943952497352813,-3.5223406328222175,4.1218879745791925,7.64422860740141,-0.6276511234018313,0.7588021044111695,1.3864532278130008,-0.0036851793473200306,0.19530941508825705,4379.827295907258,0.6744907594765952,0.39045233047507666,1.6391592958643009,1008.8778942939937,0.9457247466149564,-1.2768484793980537,1.1204040949083454,-0.8774761556079751,0.0035460992907801418,4.358215399737141,500.0123,313.78253
raw,bj,Raw $\mathtt{BJ}$,0.46025715537735107,0.3476311885453594,1.323981191973217,1.300265006856398,1.3138786308548132,1.4797929823640643,2.692544626481185,1.6966203116391152,-0.08864053095928778,4.2197148553135833e-16,1.0894690387582096,1.1869427864127369,-5.175574745240894,3.963187684227287,9.13876242946818,-0.7942309976620326,0.5869569936621605,1.3811879913241931,0.07339115757843453,0.9884596064888216,-12.290867698644517,0.6744907594765948,0.42386837464620664,1.5804661175331582,1347.7343211995908,1.0930690417999593,-1.4547736866992345,1.063782523838137,-0.7312357472761956,0.020390070921985817,4.669186579253099,442.368,584.2856
robust_zscore,mw,Robust Standardized $\mathtt{MW}$,0.5038377920430449,0.4294986819010819,1.1730834418697567,1.1814904006384832,1.184680806876426,1.3362419534601713,2.265726748893377,1.4920349774671142,0.2092407082192415,0.0,0.987562440223416,0.9752795733400281,-1.597678799734859,5.758186876518284,7.355865676253143,-0.5865797663879443,0.8481249481449923,1.4347047145329366,0.9058988861349121,1.2424511313803563,4.719743345490173,0.6744907594765952,0.4011052291296937,1.6411443142801776,1149.501086972581,1.0094856350221721,-0.8978932543783663,1.5787512258578071,-1.7582838698645131,0.008865248226950355,5.618830711143394,124.46942,-337.40802
robust_zscore,logp,Robust Standardized $\mathtt{logP}$,0.6561009040745281,0.6782391762229809,0.9673591958050289,1.472357081389028,1.4939780816387165,1.6758093381042345,2.9755922613421237,1.9044341906185256,0.07424977306040154,1.519238294195313e-16,1.2671871095214196,1.6057631705372502,-6.78076001492882,5.507588575251356,12.288348590180176,-0.6322752189412871,0.727448341930935,1.3597235608722222,0.04192534186932003,2.4102884236991864,17.066545220152715,0.674490759476595,0.47076212839654685,1.4359885458046249,1817.519552851878,1.2693605474162064,-1.256757325942588,1.616205206335194,-1.2860121624925605,0.04964539007092199,5.409627146995019,94.68122,578.615
robust_zscore,sp3,Robust Standardized sp3,0.2767335997399722,0.1993611208357522,1.3881021463957606,0.848404392811493,0.8494391921330141,0.93321227577527,1.6556919518393658,1.0716869531397857,0.16478217193208078,0.0,0.7078633936694814,0.5010705840972751,-0.6744907594765952,1.2140833670578712,1.8885741265344664,-0.4856333468231485,0.8363685417509781,1.3220018885741265,0.27667520750937474,-1.4403984726368557,4.295752297531589,0.6744907594765952,0.3274995214194161,2.1067295911191057,595.8363880642719,0.7267900303966263,-0.6744907594765952,1.2140833670578712,-1.800000000266868,0.0,1.4823498495752625,49.36837,-904.5956
robust_zscore,tpsa,Robust Standardized $\mathtt{TPSA}$,0.3631080411392619,0.32705219994795076,1.1102449125767975,1.0309457112841829,1.0360144490831769,1.1407603127551025,1.9421303552359703,1.287462707089608,0.21986042415655982,0.0,0.9070465809331095,0.8227334999824439,-0.6744907594765952,6.216086322507114,6.890577081983709,-0.6744907594765952,0.7473255030854746,1.4218162625620698,1.4502445374689987,3.4883751889975825,4.12555640430864,0.6744907594765952,0.4320653287787346,1.2841073810796992,982.5693356726179,0.93331243755387,-0.6744907594765952,1.3087685337494188,-1.940380228424569,0.010638297872340425,6.610714404746483,-187.45282,-814.9302
robust_zscore,mr,Robust Standardized $\mathtt{MR}$,0.44681001552438165,0.40143634376527687,1.1130283106245984,1.1842525869140668,1.1846404414467098,1.3410230578686086,2.277818621311324,1.4969336768851773,0.21349030198916108,-1.3812735677465326e-16,0.9820563082107563,0.9644345924965398,-1.6242617402385466,5.600043625710163,7.22430536594871,-0.548290699256108,0.9224932522455069,1.4707839515016148,0.8003606268050266,0.9533527700346744,4.600004304929108,0.674490759476595,0.3947693058420876,1.6528098588344775,1139.2943273370781,1.0049938813445398,-0.8908742509851912,1.5503773201464774,-1.7402874969233764,0.004432624113475178,5.484974006770505,300.77658,-217.32292
robust_zscore,chi,Robust Standardized $\mathtt{Chi1v}$,0.5652194099089053,0.5027881285501024,1.1241701579924668,1.2920318250036869,1.296071689797297,1.466829204872013,2.518578206486791,1.643377731539947,0.26707432374321705,0.0,1.100010348348466,1.2100227664737138,-1.7949814648626972,7.019442308457037,8.814423773319735,-0.552477028447553,0.935309040846516,1.487786069294069,1.16705078866187,2.3465678566693606,4.118742426943628,0.6744907594765952,0.43504586475312435,1.5412617190805094,1445.3644478688166,1.1319679592977048,-0.8669826533489354,1.7949327526114285,-2.070321414027245,0.012411347517730497,6.1384586016410605,64.4162,-134.39717
robust_zscore,hka,Robust Standardized $\mathtt{HKA}$,0.431750441509457,0.42890173985357966,1.0066418514805975,1.1447191886139154,1.1491300356196503,1.2784801390733458,2.196570581606798,1.4422249862284273,0.00021592740034486594,0.0,0.9457247219647381,0.8943952497352813,-3.5223406328222175,4.1218879745791925,7.64422860740141,-0.6276511234018313,0.7588021044111695,1.3864532278130008,-0.0036851793473200306,0.19530941508825705,4379.827295907258,0.6744907594765952,0.39045233047507666,1.6391592958643009,1008.8778942939937,0.9457247466149564,-1.2768484793980537,1.1204040949083454,-0.8774761556079751,0.0035460992907801418,4.358215399737141,500.0123,313.78253
robust_zscore,bj,Robust Standardized $\mathtt{BJ}$,0.7906289599969387,0.6441909571851037,1.2273207985590477,1.300265006856398,1.3138786308548132,1.4797929823640643,2.692544626481185,1.6966203116391152,-0.08864053095928778,4.2197148553135833e-16,1.0894690387582096,1.1869427864127369,-5.175574745240894,3.963187684227287,9.13876242946818,-0.7942309976620326,0.5869569936621605,1.3811879913241931,0.07339115757843453,0.9884596064888216,-12.290867698644517,0.6744907594765948,0.42386837464620664,1.5804661175331582,1347.7343211995908,1.0930690417999593,-1.4547736866992345,1.063782523838137,-0.7312357472761956,0.020390070921985817,4.669186579253099,315.92343,490.03723
lt,mw,Scaled Robust Standardized $\mathtt{MW}$,519.6746537043975,407.84134888494566,1.274207863241941,1.1814904006384832,1.184680806876426,1.3362419534601713,2.265726748893377,1.4920349774671142,0.2092407082192415,0.0,0.987562440223416,0.9752795733400281,-1.597678799734859,5.758186876518284,7.355865676253143,-0.5865797663879443,0.8481249481449923,1.4347047145329366,0.9058988861349121,1.2424511313803563,4.719743345490173,0.6744907594765952,0.4011052291296937,1.6411443142801776,1149.501086972581,1.0094856350221721,-0.8978932543783663,1.5787512258578071,-1.7582838698645131,0.008865248226950355,5.618830711143394,124.46942,-337.40802
lt,logp,Scaled Robust Standardized $\mathtt{logP}$,643.3043596961495,662.4777943702309,0.9710579964535896,1.472357081389028,1.4939780816387165,1.6758093381042345,2.9755922613421237,1.9044341906185256,0.07424977306040154,1.519238294195313e-16,1.2671871095214196,1.6057631705372502,-6.78076001492882,5.507588575251356,12.288348590180176,-0.6322752189412871,0.727448341930935,1.3597235608722222,0.04192534186932003,2.4102884236991864,17.066545220152715,0.674490759476595,0.47076212839654685,1.4359885458046249,1817.519552851878,1.2693605474162064,-1.256757325942588,1.616205206335194,-1.2860121624925605,0.04964539007092199,5.409627146995019,94.68122,578.615
lt,sp3,Scaled Robust Standardized sp3,293.6205563276967,197.91067942644378,1.483601376027941,0.848404392811493,0.8494391921330141,0.93321227577527,1.6556919518393658,1.0716869531397857,0.16478217193208078,0.0,0.7078633936694814,0.5010705840972751,-0.6744907594765952,1.2140833670578712,1.8885741265344664,-0.4856333468231485,0.8363685417509781,1.3220018885741265,0.27667520750937474,-1.4403984726368557,4.295752297531589,0.6744907594765952,0.3274995214194161,2.1067295911191057,595.8363880642719,0.7267900303966263,-0.6744907594765952,1.2140833670578712,-1.800000000266868,0.0,1.4823498495752625,49.36837,-904.5956
lt,tpsa,Scaled Robust Standardized $\mathtt{TPSA}$,387.40697573988626,316.0187306098537,1.2258987781903539,1.0309457112841829,1.0360144490831769,1.1407603127551025,1.9421303552359703,1.287462707089608,0.21986042415655982,0.0,0.9070465809331095,0.8227334999824439,-0.6744907594765952,6.216086322507114,6.890577081983709,-0.6744907594765952,0.7473255030854746,1.4218162625620698,1.4502445374689987,3.4883751889975825,4.12555640430864,0.6744907594765952,0.4320653287787346,1.2841073810796992,982.5693356726179,0.93331243755387,-0.6744907594765952,1.3087685337494188,-1.940380228424569,0.010638297872340425,6.610714404746483,-147.21715,-963.20935
lt,mr,Scaled Robust Standardized $\mathtt{MR}$,422.1902391834618,385.3879882344214,1.0954940269873035,1.1842525869140668,1.1846404414467098,1.3410230578686086,2.277818621311324,1.4969336768851773,0.21349030198916108,-1.3812735677465326e-16,0.9820563082107563,0.9644345924965398,-1.6242617402385466,5.600043625710163,7.22430536594871,-0.548290699256108,0.9224932522455069,1.4707839515016148,0.8003606268050266,0.9533527700346744,4.600004304929108,0.674490759476595,0.3947693058420876,1.6528098588344775,1139.2943273370781,1.0049938813445398,-0.8908742509851912,1.5503773201464774,-1.7402874969233764,0.004432624113475178,5.484974006770505,300.77658,-217.32292
lt,chi,Scaled Robust Standardized $\mathtt{Chi1v}$,490.1234142982022,479.4893991878552,1.0221777898079887,1.2920318250036869,1.296071689797297,1.466829204872013,2.518578206486791,1.643377731539947,0.26707432374321705,0.0,1.100010348348466,1.2100227664737138,-1.7949814648626972,7.019442308457037,8.814423773319735,-0.552477028447553,0.935309040846516,1.487786069294069,1.16705078866187,2.3465678566693606,4.118742426943628,0.6744907594765952,0.43504586475312435,1.5412617190805094,1445.3644478688166,1.1319679592977048,-0.8669826533489354,1.7949327526114285,-2.070321414027245,0.012411347517730497,6.1384586016410605,64.4162,-134.39717
lt,hka,Scaled Robust Standardized $\mathtt{HKA}$,418.38564191822525,412.9864194049056,1.013073607895145,1.1447191886139154,1.1491300356196503,1.2784801390733458,2.196570581606798,1.4422249862284273,0.00021592740034486594,0.0,0.9457247219647381,0.8943952497352813,-3.5223406328222175,4.1218879745791925,7.64422860740141,-0.6276511234018313,0.7588021044111695,1.3864532278130008,-0.0036851793473200306,0.19530941508825705,4379.827295907258,0.6744907594765952,0.39045233047507666,1.6391592958643009,1008.8778942939937,0.9457247466149564,-1.2768484793980537,1.1204040949083454,-0.8774761556079751,0.0035460992907801418,4.358215399737141,500.0123,313.78253
lt,bj,Scaled Robust Standardized $\mathtt{BJ}$,735.3539773695958,631.8815240671386,1.163752933677268,1.300265006856398,1.3138786308548132,1.4797929823640643,2.692544626481185,1.6966203116391152,-0.08864053095928778,4.2197148553135833e-16,1.0894690387582096,1.1869427864127369,-5.175574745240894,3.963187684227287,9.13876242946818,-0.7942309976620326,0.5869569936621605,1.3811879913241931,0.07339115757843453,0.9884596064888216,-12.290867698644517,0.6744907594765948,0.42386837464620664,1.5804661175331582,1347.7343211995908,1.0930690417999593,-1.4547736866992345,1.063782523838137,-0.7312357472761956,0.020390070921985817,4.669186579253099,315.92343,490.03723
sq,mw,Quadratic Transformed $\mathtt{MW}$,1.8367105711879523,1.782001400788486,1.0307009693568474,2.556760447446913,2.6523006120350563,2.987423621988994,4.9741329586403324,3.292654410027824,0.9950775632623899,-4.8959351384245814e-17,3.5213319021701706,12.399778365241392,-0.8024810385166457,57.68383702930523,58.48631806782188,-0.5716549611618275,1.164688218138481,1.7363431793003086,8.328947445092398,110.96944750646952,3.5387511809887306,0.6744907594765952,0.6423123474881891,0.2900400824751409,15103.872310584758,3.6592291158315855,-0.7620025569149648,3.5966648366711276,-4.720016756511352,0.09663120567375887,16.098669776372393,-960.79095,-128.98958
sq,logp,Quadratic Transformed $\mathtt{logP}$,2.51799067743213,2.592128420944161,0.9713988925421269,4.1175436299638575,4.242167273487119,4.754457791170124,7.971437089113939,5.27140144593376,1.8643653946051606,0.0,5.451527643479431,29.719153647620402,-0.7334980555055939,73.3980519399568,74.1315499954624,-0.5552473854757928,1.7370531884707228,2.2923005739465157,5.380649466740625,43.86921664771124,2.924066097372488,0.6744907594765952,0.7113311455336591,0.4129724945852549,37443.973504666035,5.761511257666834,-0.7031859771148211,6.339363692417814,-9.015202093946476,0.125,13.121769020269582,-874.79614,270.47723
sq,sp3,Quadratic Transformed sp3,0.5357084054665578,0.39530884210195666,1.3551642372026422,1.1946372088354658,1.1875072546734642,1.3262193680959595,2.400969234116533,1.5273332664303556,0.15260837222797555,0.0,1.0609979109304137,1.1257165669987024,-0.9473480500779294,2.1220596321745613,3.069407682252491,-0.6794025285861911,0.5092943117218949,1.188696840308086,0.9545162314141824,-0.500449235081319,6.952422697657973,0.6744907594765951,0.49885522610356325,1.794463572693191,1296.07863520369,1.0719169194824638,-0.9094541280748122,2.1220596321745613,-2.333333333589897,0.0,1.8562253890014997,461.0684,-413.44513
sq,tpsa,Quadratic Transformed $\mathtt{TPSA}$,2.0179815713497,2.0523007486271494,0.9832777056187273,2.5487273192725604,2.6322682699126387,2.953930991309465,4.795682126975309,3.232652176867493,0.7958863351016836,0.0,4.201517393655575,17.652748409190334,-0.8701007040657227,73.03111544325228,73.901216147318,-0.7629336172618066,0.1980673196059591,0.9610009368677658,8.339142241395761,101.84430894507372,5.2790420043067865,0.6744907594765952,0.7369847084313297,0.2185211058928406,20626.814951443692,4.276234730179334,-0.8242092413505698,2.407219558750888,-2.9206413108137714,0.16046099290780141,17.192652639550676,-1059.8052,255.26213
sq,mr,Quadratic Transformed $\mathtt{MR}$,1.5947381535840894,1.4983378205548639,1.0643381830897967,2.4605143446034266,2.534711195122348,2.8785424445999923,4.856276959197403,3.182511235880792,0.9671162213017026,0.0,3.292095754976624,10.837894459935109,-0.7926425917210381,53.847269251725976,54.63991184344702,-0.5371244105614501,1.3308312088964398,1.86795561945789,8.552671195567056,117.26617531261212,3.4040332304069776,0.6744907594765952,0.6196048039072171,0.2990693191699553,13280.178900856312,3.4312109007520935,-0.7414415938800448,3.4045666660388147,-4.591820440881294,0.08421985815602837,16.06276274026536,-821.5424,-213.85811
sq,chi,Quadratic Transformed $\mathtt{Chi1v}$,1.9871806877190015,2.153068369912785,0.9229528961959981,3.2964622801030328,3.395543194775926,3.8507593452111584,6.477099978582481,4.254966199668149,1.391840637699284,0.0,4.872175589218974,23.73809497218126,-0.7662040844691672,82.2183753934573,82.98457947792646,-0.5598940431648239,1.348105487473853,1.9079995306386768,9.222206523588815,133.00400138217302,3.5005268974418597,0.6744907594765952,0.6919201084719144,0.3008139203726523,28961.755695547756,5.067081539992465,-0.7297489641598592,4.68121714782431,-6.414832193499795,0.11436170212765957,16.589413348445177,-931.5129,113.06117
sq,hka,Quadratic Transformed $\mathtt{HKA}$,1.3364849649892565,1.348187486396132,0.9913198115803924,2.2612121664574363,2.3054613501645878,2.582760845214552,4.462192613816089,2.9029067439131664,0.8248063102817967,5.2093713957919356e-17,2.4872081046825523,6.186204155998575,-0.8538608295791624,31.034151633099434,31.888012462678596,-0.6033356903449983,1.1391399493382501,1.7424756396832484,4.094753858251825,29.79686082689154,3.0155056692434767,0.6744907594765952,0.5856201092053408,0.5909560549313552,7745.42283498059,2.6204025655382126,-0.8215775111768637,3.630390922985015,-4.4188051328554065,0.09219858156028368,12.145885688432701,-627.21497,45.31075
sq,bj,Quadratic Transformed $\mathtt{BJ}$,1.673333434580767,1.6208424027178296,1.0323850312497505,2.86909326338964,2.911790464087641,3.2683963488776047,6.371074686766429,3.855088690780329,1.2253385273284378,0.0,3.399751325096867,11.558309072497904,-0.7534449202221628,43.60970279185168,44.36314771207385,-0.5516278732516905,1.4259889515762283,1.9776168248279187,4.380952981589086,31.385531542648685,2.7745404631234636,0.6744907594765952,0.6573803272335426,0.5149313106369242,14731.413317172157,3.6138294894824976,-0.7085893511980855,5.032585272168018,-7.102259248419596,0.11790780141843972,12.466901314705895,-1054.47,26.511024
lg,mw,Logarithmic Transformed $\mathtt{MW}$,1.1906214705831588,1.0772106689462115,1.1052819145839803,1.6321440966503644,1.6458631207582644,1.876269757492099,3.3529664310267364,2.126810851481866,-0.3026976813357298,3.8044066391650956e-14,1.51854338949931,2.305974025792053,-9.457685956795489,2.868676776922573,12.326362733718062,-0.8378504926937552,0.5993872982373488,1.437237790931104,-2.2490184502518757,8.562549803069052,-5.016699773841526,0.6744907594765571,0.5081689968314309,1.4520590613460054,2704.4927008240747,1.5484185196767961,-2.0049542318199394,1.1376126813580416,-0.567400823101157,0.04698581560283688,6.028795975647635,59.717075,1076.0848
lg,logp,Logarithmic Transformed $\mathtt{logP}$,0.8464630325460359,0.7438611059887137,1.13793156508828,1.439984179138547,1.4536399704125795,1.654879839370344,3.379617397146589,1.982030346517015,-0.1981376689768043,2.9023848211948144e-14,1.3084665002930964,1.7120845823892634,-9.886982167357562,2.356164620242675,12.243146787600237,-0.7224416578008672,0.6204089616000122,1.3428506194008794,-2.2785612146424206,11.633454948549641,-6.603825042709455,0.6744907594765662,0.4720174073115073,1.3598939339175442,1975.515037393699,1.323383209148743,-1.63483124795945,1.1571067137399909,-0.7077835802655699,0.03280141843971631,7.404732559993288,125.47185,819.9124
lg,sp3,Logarithmic Transformed sp3,0.6237333891176883,0.5649713557510891,1.104008871898433,1.362234722609151,1.3685386714916603,1.5431832964347465,2.8135429147254025,1.7718749013152402,-0.4707644611366705,0.0,1.275453549428399,1.6267817567495013,-8.582388745677907,0.7776481338173168,9.360036879495224,-0.8320409648683045,0.2870120414568245,1.119053006325129,-2.1657652582018856,7.322476661031487,-2.7093242050361876,0.6744907594765952,0.5779411850878675,1.276561601353218,2084.996254250008,1.3595590956699166,-2.109290717979383,0.7776481338173168,-0.3686775498633686,0.07092198581560284,6.359795923713962,208.65842,1148.4237
lg,tpsa,Logarithmic Transformed $\mathtt{TPSA}$,1.0882804373066792,0.9820571980102469,1.1081640046136334,1.8932727077649147,1.8844881609181727,2.130433616251514,4.143381733643204,2.512894054644451,-0.6687574925693275,0.0,1.8863817314700804,3.5584360368240584,-8.224303238586817,2.8067967037509134,11.03109994233773,-1.325819324949943,0.13305549258791138,1.4588748175378545,-2.398234449782202,6.957944009656302,-2.820726126331252,0.6744907594765952,0.6381244064673031,1.57049651121245,4518.3987161402065,2.001417652738097,-1.8578741455655363,0.8397116006908631,-0.4519744261150976,0.057624113475177305,4.005311130811981,185.90672,971.5468
lg,mr,Logarithmic Transformed $\mathtt{MR}$,1.1283419017272316,0.9525020815566272,1.1846083316513472,1.5360354721946967,1.5485773047736149,1.7726685530026407,3.2568383892022608,2.0285299297933035,-0.2499343032326091,0.0,1.3805775216192406,1.9059942932003247,-9.59524125535045,2.7654498816283977,12.360691136978847,-0.7371103342575989,0.6457712325092838,1.3828815667668826,-1.892873146492724,6.469881125444003,-5.523761659616461,0.6744907594765952,0.4802019116003762,1.4035669826286081,2220.42451462168,1.4030186916547815,-1.7857886362416946,1.0903341238100441,-0.6105616878410525,0.051418439716312055,6.7691287202452735,5.6416106,920.10144
lg,chi,Logarithmic Transformed $\mathtt{Chi1v}$,0.9588988569621554,0.8562636329326418,1.1198640466347907,1.4813285386386623,1.4922178627760418,1.704913065252771,3.216354157550336,1.9737034060544527,-0.2063839378543005,0.0,1.2705041793759606,1.6141808698117832,-8.095351588581075,2.843006252820984,10.938357841402059,-0.7922243156114741,0.6167903736234737,1.4090146892349478,-1.266922275218723,3.4275014589015944,-6.15602256931879,0.6744907594765952,0.47413498809238286,1.4834860362917652,1868.8424251668832,1.2871577990347691,-1.8461750139488469,1.1909711011770652,-0.6451019498385294,0.03368794326241135,6.209320503456851,317.67874,877.9398
lg,hka,Logarithmic Transformed $\mathtt{HKA}$,0.9364084950071364,0.8894708629790465,1.0527702862248738,1.4881573914030768,1.4915402610601936,1.698422733433444,3.110508558307606,1.9471572360510803,-0.2963776238601962,0.0,1.3281394079515487,1.7639542869538902,-8.292358258139041,2.3021924324188565,10.594550690557897,-0.7787196903301661,0.5387476438298863,1.3174673341600522,-1.8569925176092434,6.6627768786718615,-4.481240488580349,0.6744907594765952,0.4872727469274083,1.489683176078041,2088.8236126874062,1.3608063722950838,-2.0764426125635214,1.0543815829700118,-0.5077826743880383,0.05673758865248227,6.020437754054312,337.28824,1049.7754
lg,bj,Logarithmic Transformed $\mathtt{BJ}$,0.9281299504690715,0.8072559369421223,1.1497344373642129,1.3710643575805617,1.390692415652066,1.569927512023222,2.95793708311355,1.8224053420923498,-0.18017672676710575,0.0,1.1734843278984046,1.3770654678231706,-7.035241680507749,2.3342786850507635,9.369520365558513,-0.756213042615244,0.6064771960679045,1.3626902386831485,-1.2169245837371583,2.7683068432191167,-6.512962850164529,0.6744907594765952,0.4630467648727763,1.5594706991422753,1589.9488481402136,1.1872359161900716,-1.6159916380871884,1.1669688925904518,-0.7221379524240481,0.0274822695035461,5.841633152457513,282.8381,711.44165
sn,mw,Trigonometric Transformed $\mathtt{MW}$,0.7177459508933351,0.5722071734967676,1.254346299972399,0.8504890542967023,0.8684059033506787,0.9832742873456792,2.0345216876607592,1.1841727331634548,0.03500091716039437,-6.5865281978494394e-18,0.6766917471072261,0.45791172060303015,-0.8879335947578355,1.012241408703024,1.9001750034608595,-0.6482866526487399,0.7083117388074678,1.3565983914562076,0.06414497835211114,-1.4807553694053945,19.333543289915365,0.6744907594765952,0.2879832092394825,2.148428783675681,517.9062932601516,0.6775963288013734,-0.858268347541848,0.9730163904586494,-1.1336971628498465,0.0,1.44414424399324,413.30063,-617.8341
sn,logp,Trigonometric Transformed $\mathtt{logP}$,0.7845890125900546,0.6268319794215718,1.2516735558292,0.8716469874792686,0.8902988420486658,1.0078559694609337,2.084238479847511,1.2135100697090948,0.013336195646025608,0.0,0.6932850703049707,0.4806441887077681,-1.0200745156768296,0.9598364044610376,1.979910920137867,-0.6618331242149448,0.6928439404283157,1.3546770646432604,-0.08741190457300728,-1.4873326333053745,51.98522042615506,0.6744907594765952,0.27287822914950843,2.181510268098404,542.367264303303,0.6934133275486398,-0.9534934388053851,0.9134772610726132,-0.9580320367100751,0.0,1.4905999791229687,630.5319,-389.47287
sn,sp3,Trigonometric Transformed sp3,1.6376909832077509,1.4107558946354255,1.160860634667751,2.006684444455207,2.030952575443172,2.3269158538027708,4.427465214685734,2.698004522096721,0.8037989488186141,0.0,1.7070122464570128,2.9138908095542173,-1.6649770721860744,4.005084561319217,5.670061633505291,-0.09270983452046574,2.388695575492197,2.4814054100126626,0.6144801236283308,-0.9651226112367057,2.123680615614015,0.6744907594765952,0.5986568924428941,1.6774438764707928,4015.66145531467,1.8867918697291777,-1.3298016678932933,3.6473068695658277,-2.742744995664099,0.0,1.8753735476385873,588.6629,145.25426
sn,tpsa,Trigonometric Transformed $\mathtt{TPSA}$,0.7744847662409619,0.6434785443202601,1.2035906606009537,1.1300378676658704,1.1367740427321094,1.2902295872853378,2.4857841623961057,1.5107064150198557,0.3291420911547098,0.0,0.9338243519218218,0.8720279202422105,-0.8395389899495243,2.1881718265953576,3.027710816544882,-0.3843269010954972,1.024705951824058,1.4090328529195553,0.6147866386524489,-0.736578985428201,2.837146560762681,0.6744907594765952,0.5179554949062923,1.9924037075727248,1105.8488282726298,0.9901325347709294,-0.8391872143039825,1.9719845796680995,-2.349874433607334,0.0,1.9907702466901211,248.11086,-623.8553
sn,mr,Trigonometric Transformed $\mathtt{MR}$,0.7026977856405726,0.5635058944529124,1.2470105327341723,0.8324371841270708,0.8485732550639126,0.9617698330588534,1.986598233016137,1.1573446263164935,0.0027367717004228567,0.0,0.663790944615649,0.4406184181537357,-0.9308669713494837,0.9300320394813931,1.860899010830877,-0.6720537767186875,0.6791086014211251,1.3511623781398125,-0.005031212490847872,-1.5382264171407958,242.5452384329636,0.6744907594765952,0.2639460092614305,2.1676406106211217,497.0260243064297,0.6637965863674473,-0.8820225105523724,0.8862414288816853,-1.0047832321503327,0.0,1.4064725507674494,545.08484,-556.07904
sn,chi,Trigonometric Transformed $\mathtt{Chi1v}$,0.7205741846664164,0.628416659839665,1.1466503527297711,0.8309849428198457,0.8476628370664643,0.96122612460431,2.002924409641621,1.1606995785330603,-0.01434819447910766,3.7947076036992655e-19,0.6627737035571765,0.43926898212689597,-0.9322357540092144,0.9177336641402885,1.8499694181495028,-0.6987276215775231,0.6560156418703685,1.3547432634478915,-0.0066342932392991815,-1.5408686397972142,-46.192132712045286,0.6744907594765952,0.26152481550161744,2.1528493529539245,495.7276339716047,0.6629289953016886,-0.8848574719103257,0.8587458509529424,-0.9704905912090434,0.0,1.4063350033605955,332.40256,-483.79535
sn,hka,Trigonometric Transformed $\mathtt{HKA}$,0.5644835421403223,0.590902045596191,0.9552912303269931,0.832518630384964,0.8425443669507199,0.9571267677802028,1.8462457015051483,1.1196088666552586,-0.023627348648795236,0.0,0.6683616264485754,0.44670726370898506,-0.9994560779135118,0.8508918071017761,1.850347885015288,-0.6791766831071402,0.6543236781395202,1.3335003612466605,-0.0811706786844278,-1.567435430893783,-28.287627036927624,0.6744907594765952,0.25178580240942394,2.1265681769148927,504.51550127324083,0.6687791229644933,-0.9466408231147112,0.8070453351255495,-0.852535951867573,0.0,1.4600310530242537,532.6806,-260.27655
sn,bj,Trigonometric Transformed $\mathtt{BJ}$,0.7432954207512983,0.6088665542851455,1.2207854340496371,0.8302944702076137,0.8461170275648505,0.9577094271384902,1.908807620536432,1.1357321363618467,0.021908106166035897,6.329030181884132e-18,0.6643789630411232,0.4413994065315981,-0.8551055463582511,0.9694890339429718,1.824594580301223,-0.6678583506829712,0.6881650999425295,1.3560234506255007,0.07655371265047498,-1.5536768006211377,30.325714053326475,0.6744907594765952,0.25770541900828436,2.123830726901308,498.4399312182451,0.664740078261707,-0.8205205132563448,0.9227419728337981,-1.1245812359818184,0.0,1.4262657014898337,341.9988,-751.72577
ex,mw,Exponential Transformed $\mathtt{MW}$,2.4768956720516173,2.6021843586055127,0.9518524941787613,4.512428501852799,4.731040864493552,5.37165467984015,7.97169793947752,5.646705496416005,2.016109175077,0.0,15.762258525454,248.4487938232473,-0.9860939996292764,390.38230236307237,391.3683963627017,-0.548625388834367,1.6507512639589865,2.1993766527933536,21.675543395743592,499.5542519639564,7.818157230920791,0.6744907594765952,0.7423000768932875,0.02723352020484611,284835.2167527988,15.890673051481393,-0.732577712038264,4.758288533957317,-6.495267950983347,0.09663120567375887,24.638993997010925,-844.7407,-29.81397
ex,logp,Exponential Transformed $\mathtt{logP}$,2.2436395443767547,1.8222335058672852,1.2312579793712568,5.179977959040818,5.453778135383519,5.916813135848045,9.31422321346133,6.466198110933428,2.2096680156985427,0.0,12.197400143245233,148.77657025443884,-1.1544432124298483,283.80252440969645,284.9569676221263,-0.5416084984013162,1.2364184670039657,1.778026965405282,15.733745801633912,316.3256044171102,5.520014797059579,0.6744907594765952,0.7790130967734659,0.09940803539638368,173327.58097727707,12.395934938278756,-0.8268559476042333,4.662428988650521,-5.638743970728529,0.11613475177304965,23.08630143202611,-697.36945,238.41934
ex,sp3,Exponential Transformed sp3,0.570382408645831,0.36640034868263255,1.5567190661706574,1.675229581225937,1.6732659887436143,1.8412448888282136,3.2668354670080366,2.11414398145145,0.7084426820727954,0.0,1.4720045783466975,2.166797478673639,-0.6744907594765952,3.2546066103742386,3.929097369850834,-0.5289033114287028,1.7982925708997806,2.3271958823284833,0.7548810843732418,-0.9894513342265228,2.0778033503569215,0.6744907594765952,0.48050241587806397,1.8407114198497394,3010.2806420505194,1.633612105873403,-0.6744907594765952,3.2546066103742386,-4.825279761256242,0.0,1.7297255496047457,49.36837,-904.5956
ex,tpsa,Exponential Transformed $\mathtt{TPSA}$,8.537810425686876,8.707595799612877,0.9805014635689051,5.344969821463233,5.59378994994808,6.266644127815534,9.572610076758885,6.694503493996432,2.4052028200701265,0.0,22.08110648983462,487.5752638154166,-0.6744907594765952,687.0783059535449,687.7527967130216,-0.6744907594765952,1.5279631693321034,2.2024539288086986,26.990183999449727,819.1136521094131,9.180559038755336,0.6744907594765952,0.7942352185226098,0.044836705972614715,556510.3782669895,22.211714576346644,-0.6744907594765952,3.716149884494274,-5.509563819568059,0.08599290780141844,31.007191756838573,-712.41833,-89.16001
ex,mr,Exponential Transformed $\mathtt{MR}$,1.7109052005294048,1.8007610880170601,0.9501011610670677,4.069503264353648,4.236261697578346,4.840199168117675,7.219338471507342,5.091325650389253,1.817518760962903,0.0,13.517239166910464,182.71575469545832,-0.9521000509440628,319.48946763209005,320.4415676830341,-0.5004670253066681,1.797116771921175,2.2975837972278432,21.379898714391334,485.1450325411306,7.437193748552652,0.6744907594765952,0.7232633820432752,0.031425335093941756,209829.577672075,13.638882987323795,-0.6992484776996656,4.403026591049719,-6.296798251408627,0.07890070921985816,23.501244961972148,-669.2123,-244.7695
ex,chi,Exponential Transformed $\mathtt{Chi1v}$,3.45948475622496,3.8336571408889446,0.9023980572823939,9.795130040659478,10.346956412413087,11.91039616078398,17.027160984611477,12.269910899617006,4.557842320331278,0.0,58.469032643694085,3418.6277782893644,-1.0540812127449375,1412.1878837863217,1413.2419649990666,-0.5365753567767944,1.9568040801943314,2.493379436971126,23.253045045497046,545.6379857111326,12.828226282177392,0.6744907594765952,0.8565475732252554,0.013003842579772298,3879645.123134381,58.64641254933132,-0.7328934960334254,6.344746693537425,-8.657119661645584,0.11524822695035461,24.07479614112966,-783.9591,112.086006
ex,hka,Exponential Transformed $\mathtt{HKA}$,0.6841775276225598,0.7505077850610078,0.9116194944825841,1.8551477512572367,1.8776454481785367,2.058380679207352,3.6718183534085855,2.3657480580129278,0.6484624438422713,0.0,2.805412054403941,7.870336794994941,-1.0668071967194808,66.69876968894079,67.76557688566027,-0.5124304867625477,1.2484575919628509,1.7608880787253987,13.33511858572547,281.0897329476228,4.326252169333518,0.6744907594765952,0.5665369068270545,0.14062504696281736,9352.067899085643,2.8793819364698447,-0.7926635520855101,2.2713161873387153,-2.8654227656228035,0.04521276595744681,23.543888015100176,-399.7859,-230.82832
ex,bj,Exponential Transformed $\mathtt{BJ}$,1.0263641866459352,0.9265207892140601,1.1077616375090398,2.3964738933695955,2.41138763946679,2.702945398820047,4.88457394773743,3.0988452198484655,0.8277132433918698,0.0,3.866445236780556,14.94939876902305,-1.0539034907548999,54.71671051961175,55.77061401036665,-0.5808858774299954,0.8463288697507616,1.427214747180757,7.405960796380555,71.64300505766532,4.671237614776255,0.6744907594765952,0.6436802090393854,0.2631514005555276,17635.72500404493,3.9540495675078904,-0.8124598972897291,2.0109395275176047,-2.4751246608889566,0.0726950354609929,13.937607796325915,-546.09235,-131.42299
